{"0": [0.15999999999999998, 0.5978947368421051, 0.8], "1": [0.22736842105263178, 0.15999999999999998, 0.8], "2": [0.7326315789473683, 0.15999999999999998, 0.8], "3": [0.8, 0.46315789473684205, 0.15999999999999998], "4": [0.15999999999999998, 0.8, 0.19368421052631588], "5": [0.15999999999999998, 0.39578947368421047, 0.8], "6": [0.15999999999999998, 0.8, 0.39578947368421047], "7": [0.15999999999999998, 0.49684210526315786, 0.8], "8": [0.8, 0.15999999999999998, 0.26105263157894737], "9": [0.15999999999999998, 0.8, 0.294736842105263], "10": [0.8, 0.15999999999999998, 0.3621052631578948], "11": [0.8, 0.26105263157894737, 0.15999999999999998], "12": [0.8, 0.15999999999999998, 0.5642105263157896], "13": [0.15999999999999998, 0.1936842105263156, 0.8], "14": [0.8, 0.15999999999999998, 0.6652631578947364], "15": [0.8, 0.5642105263157895, 0.15999999999999998], "16": [0.15999999999999998, 0.6989473684210527, 0.8], "17": [0.8, 0.15999999999999998, 0.15999999999999998], "18": [0.42947368421052606, 0.15999999999999998, 0.8], "19": [0.5305263157894737, 0.8, 0.15999999999999998], "20": [0.8, 0.3621052631578947, 0.15999999999999998], "21": [0.8, 0.7663157894736843, 0.15999999999999998], "22": [0.6315789473684211, 0.8, 0.15999999999999998], "23": [0.32842105263157895, 0.8, 0.15999999999999998], "24": [0.15999999999999998, 0.8, 0.5978947368421051], "25": [0.8, 0.15999999999999998, 0.7663157894736844], "26": [0.15999999999999998, 0.8, 0.49684210526315786], "27": [0.6315789473684208, 0.15999999999999998, 0.8], "28": [0.7326315789473685, 0.8, 0.15999999999999998], "29": [0.42947368421052623, 0.8, 0.15999999999999998], "30": [0.8, 0.6652631578947369, 0.15999999999999998], "31": [0.32842105263157917, 0.15999999999999998, 0.8], "32": [0.8, 0.15999999999999998, 0.46315789473684216], "33": [0.15999999999999998, 0.8, 0.6989473684210527], "34": [0.22736842105263158, 0.8, 0.15999999999999998], "35": [0.15999999999999998, 0.2947368421052633, 0.8], "36": [0.15999999999999998, 0.8, 0.8], "37": [0.530526315789474, 0.15999999999999998, 0.8]}